game,round,scoreA,scoreB,percentA,showScore,n_par,gini_all,gmd_all,cumulativePayoff_all,behavior_all,degree_all,trans_all
1,0,1150,200,0.3,true,15,0.408602150537634,422.222222222222,516.666666666667,NA,2.4,0.186666666663333
1,1,1150,200,0.3,true,15,0.303636363636364,445.333333333333,733.333333333333,0.866666666666667,3.33333333333333,0.24703703704
1,2,1150,200,0.3,true,15,0.221097046413502,465.777777777778,1053.33333333333,0.933333333333333,3.86666666666667,0.30454064454
1,3,1150,200,0.3,true,15,0.177254901960784,502.222222222222,1416.66666666667,0.866666666666667,4.06666666666667,0.33293169793
1,4,1150,200,0.3,true,15,0.157987421383648,558.222222222222,1766.66666666667,0.8,4.4,0.403136123136667
1,5,1150,200,0.3,true,15,0.13953488372093,600,2150,0.8,4.4,0.373710918713333
1,6,1150,200,0.3,true,15,0.124770642201835,634.666666666667,2543.33333333333,0.8,4.33333333333333,0.375046435043333
1,7,1150,200,0.3,true,15,0.130454545454545,765.333333333333,2933.33333333333,0.8,4.4,0.37667073667
1,8,1150,200,0.3,true,15,0.129108910891089,869.333333333333,3366.66666666667,0.933333333333333,4.8,0.394744884743333
1,9,1150,200,0.3,true,15,0.123902151488358,934.222222222222,3770,0.733333333333333,4.73333333333333,0.424190809186667
1,10,1150,200,0.3,true,15,0.134616412723871,1119.11111111111,4156.66666666667,0.8,5,0.4293051393
2,0,1150,200,0.3,false,15,0.408602150537634,422.222222222222,516.666666666667,NA,2.53333333333333,0.20547619048
2,1,1150,200,0.3,false,15,0.308802308802309,475.555555555556,770,1,4.26666666666667,0.316565656563333
2,2,1150,200,0.3,false,15,0.219127205199629,524.444444444444,1196.66666666667,1,5.6,0.40384874385
2,3,1150,200,0.3,false,13,0.158404558404558,493.491124260355,1557.69230769231,1,5.23076923076923,0.433391608396154
2,4,1150,200,0.3,false,13,0.118015071804351,491.12426035503,2080.76923076923,1,5.38461538461539,0.447416472411538
2,5,1150,200,0.3,false,13,0.0912684965548402,478.10650887574,2619.23076923077,1,5.53846153846154,0.4595959596
2,6,1150,200,0.3,false,13,0.0758974358974359,481.656804733728,3173.07692307692,1,5.61538461538461,0.4679098679
2,7,1150,200,0.3,false,13,0.0640101402202329,478.10650887574,3734.61538461538,1,5.69230769230769,0.476320901323077
2,8,1150,200,0.3,false,13,0.0548566714786554,472.189349112426,4303.84615384615,1,5.69230769230769,0.481351981353846
2,9,1150,200,0.3,false,13,0.0478416611013296,466.272189349112,4873.07692307692,1,5.76923076923077,0.48426573425
2,10,1150,200,0.3,false,13,0.0443618881118881,480.473372781065,5415.38461538462,0.923076923076923,5.15384615384615,0.455128205126923
3,0,1150,200,0.3,false,16,0.400280898876405,445.3125,556.25,NA,1.8125,0.11666666666875
3,1,1150,200,0.3,false,15,0.341414141414141,450.666666666667,660,1,4.06666666666667,0.270521885521885
3,2,1150,200,0.3,false,15,0.238396624472574,502.222222222222,1053.33333333333,1,4.86666666666667,0.331734006734007
3,3,1150,200,0.3,false,15,0.178932178932179,551.111111111111,1540,1,5.6,0.39534188034188
3,4,1150,200,0.3,false,15,0.157894736842105,640,2026.66666666667,0.866666666666667,5.6,0.414489954489954
3,5,1150,200,0.3,false,15,0.133333333333333,683.555555555556,2563.33333333333,0.933333333333333,5.8,0.44004662004662
3,6,1150,200,0.3,false,15,0.126594982078853,784.888888888889,3100,0.933333333333333,6.26666666666667,0.455017205017205
3,7,1150,200,0.3,false,15,0.104598737601443,773.333333333333,3696.66666666667,0.933333333333333,6.2,0.467665667665668
3,8,1150,200,0.3,false,15,0.0900258397932817,774.222222222222,4300,0.933333333333333,6.26666666666667,0.48021978021978
3,9,1150,200,0.3,false,15,0.0785165083672546,771.555555555556,4913.33333333333,0.933333333333333,6.26666666666667,0.48021978021978
3,10,1150,200,0.3,false,15,0.0799509503372164,869.333333333333,5436.66666666667,0.8,5.8,0.444017834017834
4,0,1150,200,0.3,false,13,0.369786839666358,472.189349112426,638.461538461538,NA,1.61538461538462,0.207692307692308
4,1,1150,200,0.3,false,13,0.365289882531262,570.414201183432,780.769230769231,0.923076923076923,4.07692307692308,0.374395049395049
4,2,1150,200,0.3,false,13,0.26,600,1153.84615384615,0.923076923076923,4.69230769230769,0.408868908868909
4,3,1150,200,0.3,false,13,0.212149708482227,667.455621301775,1573.07692307692,0.846153846153846,4.69230769230769,0.445221445221445
4,4,1150,200,0.3,false,13,0.163498098859316,661.538461538462,2023.07692307692,0.923076923076923,5,0.457498057498057
4,5,1150,200,0.3,false,13,0.13796373118407,688.757396449704,2496.15384615385,0.923076923076923,5.46153846153846,0.472727272727273
4,6,1150,200,0.3,false,13,0.122481389578164,730.177514792899,2980.76923076923,0.846153846153846,5,0.461888111888112
4,7,1150,200,0.3,false,13,0.102849319756995,711.242603550296,3457.69230769231,0.923076923076923,4.92307692307692,0.466816516816517
4,8,1150,200,0.3,false,13,0.0920963236959312,721.89349112426,3919.23076923077,0.923076923076923,5.07692307692308,0.447219447219447
4,9,1150,200,0.3,false,13,0.0742097408764075,647.337278106509,4361.53846153846,0.846153846153846,5,0.445254745254745
4,10,1150,200,0.3,false,13,0.0779667260114188,751.479289940828,4819.23076923077,0.923076923076923,5.07692307692308,0.433372183372183
5,0,1150,200,0.3,false,14,0.404446546830653,436.224489795918,539.285714285714,NA,2,0.0547619047607143
5,1,1150,200,0.3,false,14,0.342712842712843,484.69387755102,707.142857142857,0.857142857142857,3.35714285714286,0.2968820861678
5,2,1150,200,0.3,false,14,0.257246376811594,507.142857142857,985.714285714286,0.785714285714286,3.64285714285714,0.28687641723356
5,3,1150,200,0.3,false,14,0.207028265851795,553.061224489796,1335.71428571429,0.928571428571429,4.28571428571429,0.348639455782313
5,4,1150,200,0.3,false,14,0.174344023323615,610.204081632653,1750,0.928571428571429,4.57142857142857,0.377058853844568
5,5,1150,200,0.3,false,14,0.157049790600279,688.775510204082,2192.85714285714,0.928571428571429,5,0.422238872238872
5,6,1150,200,0.3,false,14,0.142664092664093,754.081632653061,2642.85714285714,0.857142857142857,4.71428571428571,0.418979829694116
5,7,1150,200,0.3,false,14,0.132488479262673,821.428571428571,3100,0.928571428571429,4.78571428571429,0.407081014223871
5,8,1150,200,0.3,false,14,0.121155504455303,860.204081632653,3550,0.857142857142857,4.85714285714286,0.409662956091528
5,9,1150,200,0.3,false,14,0.118963113195589,957.65306122449,4025,0.928571428571429,5.14285714285714,0.424703669346527
5,10,1150,200,0.3,false,14,0.128849270664506,1135.71428571429,4407.14285714286,0.714285714285714,4.35714285714286,0.356078643578643
6,0,1150,200,0.3,false,18,0.408602150537634,422.222222222222,516.666666666667,NA,3,0.189991181661111
6,1,1150,200,0.3,false,18,0.309752198241407,478.395061728395,772.222222222222,0.833333333333333,4.83333333333333,0.293033818033818
6,2,1150,200,0.3,false,18,0.22461577223482,550.308641975309,1225,0.944444444444444,5.38888888888889,0.350402837902838
6,3,1150,200,0.3,false,18,0.166491688538933,587.345679012346,1763.88888888889,1,6.38888888888889,0.408089377942319
6,4,1150,200,0.3,false,17,0.134803921568627,608.996539792388,2258.82352941176,1,6.58823529411765,0.421614986320869
6,5,1150,200,0.3,false,17,0.122213543231389,703.806228373702,2879.41176470588,0.941176470588235,6.58823529411765,0.423401761637056
6,6,1150,200,0.3,false,17,0.106779661016949,741.176470588235,3470.58823529412,0.882352941176471,6.58823529411765,0.431962971668854
6,7,1150,200,0.3,false,17,0.0979966824039811,797.231833910035,4067.64705882353,0.882352941176471,6.76470588235294,0.445988815106462
6,8,1150,200,0.3,false,17,0.0950397858258348,884.429065743945,4652.94117647059,0.823529411764706,6.64705882352941,0.451703688468394
6,9,1150,200,0.3,false,17,0.0894910773298083,937.024221453287,5235.29411764706,0.882352941176471,6.58823529411765,0.444005994005994
6,10,1150,200,0.3,false,17,0.082691793240793,962.629757785467,5820.58823529412,0.882352941176471,6.52941176470588,0.437830633418869
7,0,1150,200,0.3,true,20,0.405868544600939,432.25,532.5,NA,2.7,0.1507738095275
7,1,1150,200,0.3,true,20,0.322697368421053,490.5,760,0.85,4.7,0.261268037518038
7,2,1150,200,0.3,true,20,0.229405520169851,540.25,1177.5,0.85,5.6,0.334606896371602
7,3,1150,200,0.3,true,20,0.168181818181818,573.5,1705,0.9,5.95,0.34116149781591
7,4,1150,200,0.3,true,20,0.144111111111111,648.5,2250,0.85,6.35,0.374437731386261
7,5,1150,200,0.3,true,20,0.12338003502627,704.5,2855,0.9,6.65,0.386473857025328
7,6,1150,200,0.3,true,20,0.112527075812274,779.25,3462.5,0.85,7.05,0.421132556169321
7,7,1150,200,0.3,true,20,0.107865168539326,864,4005,0.7,6.7,0.402864227275992
7,8,1150,200,0.3,true,20,0.11837416481069,1063,4490,0.65,6.3,0.379017302142302
7,9,1150,200,0.3,true,19,0.107023221484131,1044.32132963989,4878.94736842105,0.736842105263158,6.13157894736842,0.342960799520397
7,10,1150,200,0.3,true,18,0.108085081379635,1135.49382716049,5252.77777777778,0.555555555555556,5.36111111111111,0.343815019856686
8,0,1150,200,0.3,true,16,0.367530224525043,472.888888888889,603.125,NA,2.25,0.104315476196875
8,1,1150,200,0.3,true,14,0.369387755102041,554.081632653061,750,0.785714285714286,2.78571428571429,0.247675736961451
8,2,1150,200,0.3,true,14,0.290241448692153,588.775510204082,1014.28571428571,0.928571428571429,4.71428571428571,0.38987579880437
8,3,1150,200,0.3,true,14,0.187843406593407,558.163265306122,1485.71428571429,1,5.71428571428571,0.448843418486276
8,4,1150,200,0.3,true,14,0.144869215291751,587.755102040816,2028.57142857143,0.928571428571429,5.5,0.472749472749473
8,5,1150,200,0.3,true,14,0.104273842500989,537.755102040816,2578.57142857143,1,6.14285714285714,0.478313353313353
8,6,1150,200,0.3,true,14,0.0899919289749798,568.877551020408,3160.71428571429,0.928571428571429,5.78571428571429,0.477897102897103
8,7,1150,200,0.3,true,14,0.0727982468155047,542.34693877551,3725,0.928571428571429,5.85714285714286,0.483516483516484
8,8,1150,200,0.3,true,14,0.0615722598266239,529.081632653061,4296.42857142857,0.928571428571429,5.85714285714286,0.483516483516484
8,9,1150,200,0.3,true,14,0.0556141275698471,538.265306122449,4839.28571428571,0.928571428571429,5.78571428571429,0.465201465201465
8,10,1150,200,0.3,true,14,0.051930758988016,557.142857142857,5364.28571428571,0.857142857142857,5.21428571428571,0.460264735264735
9,0,1150,200,0.3,false,14,0.404446546830653,436.224489795918,539.285714285714,NA,1.5,0.0261904761892857
9,1,1150,200,0.3,false,14,0.346039970392302,477.040816326531,689.285714285714,1,3.35714285714286,0.251615646258503
9,2,1150,200,0.3,false,14,0.265632943568887,533.163265306122,1003.57142857143,0.928571428571429,4.28571428571429,0.32742218099361
9,3,1150,200,0.3,false,14,0.18293551834699,523.979591836735,1432.14285714286,1,4.5,0.354924242424242
9,4,1150,200,0.3,false,14,0.149498509081052,562.755102040816,1882.14285714286,1,5,0.399926462426462
9,5,1150,200,0.3,false,14,0.127971728421504,609.69387755102,2382.14285714286,1,5.42857142857143,0.432634032634033
9,6,1150,200,0.3,false,14,0.112244897959184,656.632653061224,2925,1,5.71428571428571,0.452697302697303
9,7,1150,200,0.3,false,14,0.0953604463368081,662.755102040816,3475,0.928571428571429,5.57142857142857,0.458008658008658
9,8,1150,200,0.3,false,14,0.0890168290522586,717.857142857143,4032.14285714286,1,5.78571428571429,0.45942390942391
9,9,1150,200,0.3,false,14,0.0782101167315175,717.857142857143,4589.28571428571,0.928571428571429,5.64285714285714,0.46487678987679
9,10,1150,200,0.3,false,14,0.0758835758835759,782.142857142857,5153.57142857143,1,5.78571428571429,0.462887112887113
10,0,1150,200,0.3,true,10,0.351851851851852,475,675,NA,1.7,0.133333333335
10,1,1150,200,0.3,true,10,0.304733727810651,515,845,1,3.6,0.412619047619048
10,2,1150,200,0.3,true,10,0.28448275862069,660,1160,0.9,3.7,0.411269841269841
10,3,1150,200,0.3,true,10,0.210457516339869,644,1530,1,4.2,0.466071428571429
10,4,1150,200,0.3,true,10,0.161025641025641,628,1950,1,4.2,0.466071428571429
10,5,1150,200,0.3,true,10,0.130379746835443,618,2370,1,4.4,0.488888888888889
10,6,1150,200,0.3,true,10,0.125270758122744,694,2770,0.9,4,0.452738095238095
10,7,1150,200,0.3,true,10,0.105993690851735,672,3170,1,4.1,0.453968253968254
10,8,1150,200,0.3,true,10,0.0932960893854749,668,3580,1,4.2,0.475
10,9,1150,200,0.3,true,10,0.085,680,4000,1,4.1,0.472222222222222
10,10,1150,200,0.3,true,10,0.0878718535469108,768,4370,0.9,3.8,0.451984126984127
11,0,1150,200,0.3,false,19,0.410526315789474,410.526315789474,500,NA,2.52631578947368,0.185797827905263
11,1,1150,200,0.3,false,19,0.308796466691204,464.819944598338,752.631578947368,1,4.10526315789474,0.23576890945312
11,2,1150,200,0.3,false,19,0.207906644439152,483.656509695291,1163.15789473684,1,5.15789473684211,0.307264519106624
11,3,1150,200,0.3,false,19,0.157146420553754,523.545706371191,1665.78947368421,0.947368421052632,6.15789473684211,0.366129639194655
11,4,1150,200,0.3,false,19,0.123839009287926,565.096952908587,2281.57894736842,1,6.94736842105263,0.403566136306074
11,5,1150,200,0.3,false,19,0.096658540083178,560.1108033241,2897.36842105263,0.842105263157895,7.31578947368421,0.429838264590586
11,6,1150,200,0.3,false,19,0.0929065142680619,666.481994459834,3586.84210526316,0.947368421052632,7.63157894736842,0.447368799071585
11,7,1150,200,0.3,false,19,0.0881881521703575,746.814404432133,4234.21052631579,0.842105263157895,7.47368421052632,0.440456606516978
11,8,1150,200,0.3,false,19,0.096184785106872,927.423822714681,4821.05263157895,0.736842105263158,7.05263157894737,0.430901511629066
11,9,1150,200,0.3,false,19,0.102356181150551,1111.91135734072,5431.57894736842,0.842105263157895,7,0.422094752512709
11,10,1150,200,0.3,false,19,0.10226767452201,1210.52631578947,5918.42105263158,0.631578947368421,6.57894736842105,0.402853394455562
12,0,1150,200,0.3,false,17,0.389230318993269,460.207612456747,591.176470588235,NA,2.47058823529412,0.145308123247059
12,1,1150,200,0.3,false,17,0.308929327126534,505.190311418685,817.647058823529,0.941176470588235,4.58823529411765,0.309969932028756
12,2,1150,200,0.3,false,17,0.208186500406614,531.487889273356,1276.47058823529,1,5.82352941176471,0.385955221249339
12,3,1150,200,0.3,false,17,0.148337595907928,541.868512110727,1826.47058823529,0.941176470588235,6.35294117647059,0.453038138332256
12,4,1150,200,0.3,false,17,0.115196078431373,552.941176470588,2400,0.882352941176471,6.41176470588235,0.458816918375742
12,5,1150,200,0.3,false,16,0.126117245005258,749.609375,2971.875,0.875,6.34375,0.421084644522145
12,6,1150,200,0.3,false,16,0.120618899733807,849.609375,3521.875,0.9375,6.1875,0.460827193639694
12,7,1150,200,0.3,false,16,0.130054432348367,1045.3125,4018.75,0.8125,5.75,0.435029553779554
12,8,1150,200,0.3,false,16,0.125131763879129,1112.890625,4446.875,0.75,5.5625,0.433445200632701
12,9,1150,200,0.3,false,16,0.13862540192926,1347.265625,4859.375,0.75,5.625,0.431226065601066
12,10,1150,200,0.3,false,16,0.151456599286564,1592.1875,5256.25,0.6875,4.9375,0.386474463036963
13,0,1150,200,0.3,true,17,0.389230318993269,460.207612456747,591.176470588235,NA,1.94117647058824,0.0467787114852941
13,1,1150,200,0.3,true,17,0.3359375,505.882352941176,752.941176470588,0.823529411764706,4.52941176470588,0.320822151704505
13,2,1150,200,0.3,true,17,0.244849208719021,567.474048442907,1158.82352941176,0.882352941176471,5.64705882352941,0.361193545017074
13,3,1150,200,0.3,true,17,0.165347593582888,534.948096885813,1617.64705882353,0.764705882352941,5.82352941176471,0.378008592714475
13,4,1150,200,0.3,true,17,0.123570547099959,519.723183391003,2102.94117647059,0.764705882352941,5.88235294117647,0.385129739541504
13,5,1150,200,0.3,true,17,0.127358490566038,635.294117647059,2494.11764705882,0.588235294117647,5.29411764705882,0.355714873361932
13,6,1150,200,0.3,true,17,0.104999403412481,608.996539792388,2900,0.705882352941177,5.11764705882353,0.346718640836288
13,7,1150,200,0.3,true,17,0.0928127959591708,610.38062283737,3288.23529411765,0.705882352941177,5.17647058823529,0.339668011726835
13,8,1150,200,0.3,true,17,0.0910696031967289,678.200692041523,3723.52941176471,0.764705882352941,5.41176470588235,0.388945694828048
13,9,1150,200,0.3,true,17,0.100601604278075,833.217993079585,4141.17647058824,0.705882352941177,5.35294117647059,0.38482106129165
13,10,1150,200,0.3,true,17,0.0893729717632138,829.065743944637,4638.23529411765,0.882352941176471,6.17647058823529,0.40543133337251
14,0,1150,200,0.3,false,21,0.408602150537634,422.222222222222,516.666666666667,NA,3.04761904761905,0.137755102035714
14,1,1150,200,0.3,false,21,0.280144806460596,456.235827664399,814.285714285714,0.952380952380952,5.47619047619048,0.297646731575303
14,2,1150,200,0.3,false,21,0.198889449772842,536.054421768707,1347.61904761905,0.952380952380952,6.47619047619048,0.344116523843415
14,3,1150,200,0.3,false,21,0.147315855181024,561.904761904762,1907.14285714286,0.857142857142857,7.14285714285714,0.374415080922157
14,4,1150,200,0.3,false,21,0.160077145612343,790.47619047619,2469.04761904762,0.761904761904762,7.42857142857143,0.390067188082447
14,5,1150,200,0.3,false,21,0.164037621269348,1004.53514739229,3061.90476190476,0.761904761904762,7.61904761904762,0.395741374904356
14,6,1150,200,0.3,false,21,0.146562547848721,1085.26077097506,3702.38095238095,0.80952380952381,7.66666666666667,0.402456493168568
14,7,1150,200,0.3,false,21,0.150199286763163,1298.86621315193,4323.80952380952,0.761904761904762,7.38095238095238,0.399812197606315
14,8,1150,200,0.3,false,21,0.146541401860551,1443.08390022676,4923.80952380952,0.761904761904762,7.33333333333333,0.400020949777695
14,9,1150,200,0.3,false,21,0.142345550166779,1577.32426303855,5540.47619047619,0.761904761904762,7.80952380952381,0.410494736069703
14,10,1150,200,0.3,false,21,0.146327057954965,1797.73242630385,6142.85714285714,0.714285714285714,7.61904761904762,0.404382950374768
15,0,1150,200,0.3,false,14,0.411255411255411,387.755102040816,471.428571428571,NA,2.28571428571429,0.215051020410714
15,1,1150,200,0.3,false,14,0.396955503512881,518.877551020408,653.571428571429,0.857142857142857,3.21428571428571,0.231235827664399
15,2,1150,200,0.3,false,14,0.273940345368917,534.183673469388,975,1,4.35714285714286,0.35359977324263
15,3,1150,200,0.3,false,14,0.259894459102902,703.571428571429,1353.57142857143,0.857142857142857,4.28571428571429,0.355148423005566
15,4,1150,200,0.3,false,14,0.204551961064987,729.081632653061,1782.14285714286,1,4.71428571428571,0.37545609152752
15,5,1150,200,0.3,false,14,0.167647724700023,755.612244897959,2253.57142857143,1,5.35714285714286,0.412837361051647
15,6,1150,200,0.3,false,14,0.174113009198423,946.428571428571,2717.85714285714,0.857142857142857,5.57142857142857,0.443019480519481
15,7,1150,200,0.3,false,14,0.156544996853367,1015.30612244898,3242.85714285714,0.928571428571429,5.78571428571429,0.454721667221667
15,8,1150,200,0.3,false,14,0.143059108657601,1084.18367346939,3789.28571428571,0.928571428571429,5.78571428571429,0.454721667221667
15,9,1150,200,0.3,false,14,0.133258744553056,1154.59183673469,4332.14285714286,0.928571428571429,5.71428571428571,0.442700355200355
15,10,1150,200,0.3,false,14,0.115021008403361,1117.34693877551,4857.14285714286,0.928571428571429,5.78571428571429,0.445243645243645
16,0,1150,200,0.3,false,20,0.405868544600939,432.25,532.5,NA,2.65,0.140416666665
16,1,1150,200,0.3,false,20,0.319078947368421,485,760,0.9,5.15,0.281953046953047
16,2,1150,200,0.3,false,20,0.196470588235294,501,1275,1,6.55,0.342020148968678
16,3,1150,200,0.3,false,20,0.132512953367876,511.5,1930,1,7.35,0.391848678282502
16,4,1150,200,0.3,false,20,0.101125703564728,539,2665,1,7.9,0.415273333692451
16,5,1150,200,0.3,false,20,0.0813314037626628,562,3455,1,8.55,0.448542250233427
16,6,1150,200,0.3,false,19,0.0685665167944988,574.515235457064,4189.47368421053,1,8.52631578947368,0.473210600029485
16,7,1150,200,0.3,false,19,0.0594440171409735,599.445983379501,5042.1052631579,1,8.68421052631579,0.48250773993808
16,8,1150,200,0.3,false,19,0.0525378450578807,621.052631578947,5910.52631578947,1,8.68421052631579,0.48250773993808
16,9,1150,200,0.3,false,18,0.0497246517654681,663.271604938272,6669.44444444444,1,8.27777777777778,0.486780267662621
16,10,1150,200,0.3,false,18,0.0450990078629945,676.234567901235,7497.22222222222,1,8.38888888888889,0.493355119825708
17,0,1150,200,0.3,false,18,0.396476964769648,451.543209876543,569.444444444444,NA,2.55555555555556,0.180158730161111
17,1,1150,200,0.3,false,18,0.292750197005516,458.641975308642,783.333333333333,0.888888888888889,4.61111111111111,0.290555432222099
17,2,1150,200,0.3,false,17,0.235580363532274,569.550173010381,1208.82352941176,0.882352941176471,5.11764705882353,0.322679281502811
17,3,1150,200,0.3,false,17,0.167428996915222,544.636678200692,1626.47058823529,0.823529411764706,5.58823529411765,0.386088584617996
17,4,1150,200,0.3,false,17,0.117647058823529,514.186851211073,2185.29411764706,1,6.35294117647059,0.424104000574589
17,5,1150,200,0.3,false,17,0.109090909090909,600,2750,0.882352941176471,6.76470588235294,0.439685967627144
17,6,1150,200,0.3,false,17,0.0992806489464823,673.356401384083,3391.17647058824,0.941176470588235,6.64705882352941,0.432022470993059
17,7,1150,200,0.3,false,17,0.0889673585393162,714.878892733564,4017.64705882353,0.941176470588235,6.47058823529412,0.441809334456393
17,8,1150,200,0.3,false,17,0.089836831593624,824.913494809689,4591.17647058824,0.882352941176471,6.11764705882353,0.423439795498619
17,9,1150,200,0.3,false,17,0.0907964779537313,938.40830449827,5167.64705882353,0.941176470588235,6.17647058823529,0.433169771405066
17,10,1150,200,0.3,false,17,0.0943121050072922,1074.04844290657,5694.11764705882,0.823529411764706,5.76470588235294,0.408418542242072
18,0,1150,200,0.3,true,18,0.408602150537634,422.222222222222,516.666666666667,NA,2.22222222222222,0.120238095236111
18,1,1150,200,0.3,true,18,0.350041771094403,517.283950617284,738.888888888889,1,4.5,0.258239137405804
18,2,1150,200,0.3,true,18,0.2432502596054,578.395061728395,1188.88888888889,1,5.83333333333333,0.35119864703198
18,3,1150,200,0.3,true,18,0.179228591648974,625.308641975309,1744.44444444444,0.944444444444444,6.38888888888889,0.37824806366473
18,4,1150,200,0.3,true,18,0.141673141673142,675.308641975309,2383.33333333333,1,6.72222222222222,0.401330536747203
18,5,1150,200,0.3,true,18,0.118585858585859,724.691358024691,3055.55555555556,1,7.27777777777778,0.432017628341158
18,6,1150,200,0.3,true,18,0.0995268396149453,753.086419753086,3783.33333333333,1,7.66666666666667,0.456693048237166
18,7,1150,200,0.3,true,18,0.0845204178537512,769.135802469136,4550,1,7.72222222222222,0.46257032727621
18,8,1150,200,0.3,true,18,0.0747506379030387,795.679012345679,5322.22222222222,1,7.72222222222222,0.458334217525394
18,9,1150,200,0.3,true,18,0.0668489820723184,814.814814814815,6094.44444444444,1,7.77777777777778,0.460399962238197
18,10,1150,200,0.3,true,18,0.0598221503637833,822.222222222222,6872.22222222222,1,7.66666666666667,0.455534498181557
19,0,1150,200,0.3,false,20,0.405868544600939,432.25,532.5,NA,3.15,0.20674603175
19,1,1150,200,0.3,false,19,0.309864064133845,492.520775623269,794.736842105263,0.894736842105263,4.63157894736842,0.266564867880657
19,2,1150,200,0.3,false,19,0.212090736395128,525.761772853186,1239.47368421053,0.947368421052632,5.89473684210526,0.350612253243832
19,3,1150,200,0.3,false,19,0.160262775952945,581.163434903047,1813.15789473684,0.947368421052632,6.52631578947368,0.389770639577141
19,4,1150,200,0.3,false,19,0.133501693164208,644.321329639889,2413.15789473684,0.894736842105263,6.68421052631579,0.391288935522682
19,5,1150,200,0.3,false,19,0.111853389907015,686.426592797784,3068.42105263158,0.947368421052632,7.15789473684211,0.424985536479345
19,6,1150,200,0.3,false,19,0.095566900503177,720.775623268698,3771.05263157895,0.947368421052632,7.47368421052632,0.438169686350801
19,7,1150,200,0.3,false,19,0.0820695807314897,739.058171745152,4502.63157894737,0.947368421052632,7.84210526315789,0.447834707432231
19,8,1150,200,0.3,false,19,0.0636031165527111,664.819944598338,5226.31578947368,0.894736842105263,7.89473684210526,0.449255775184568
19,9,1150,200,0.3,false,19,0.0596600926165346,703.047091412742,5892.1052631579,0.842105263157895,7.57894736842105,0.432328275439731
19,10,1150,200,0.3,false,19,0.06778930119235,870.914127423823,6423.68421052632,0.684210526315789,6.84210526315789,0.396956114061377
20,0,1150,200,0.3,true,17,0.40530058177117,433.910034602076,535.294117647059,NA,2.58823529411765,0.157352941170588
20,1,1150,200,0.3,true,17,0.293675364882795,459.515570934256,782.352941176471,0.941176470588235,4.17647058823529,0.279942932884109
20,2,1150,200,0.3,true,17,0.211649365628604,507.958477508651,1200,1,5.64705882352941,0.351942175471587
20,3,1150,200,0.3,true,17,0.158627450980392,559.861591695502,1764.70588235294,1,6.23529411764706,0.392322546734311
20,4,1150,200,0.3,true,17,0.129868217624972,610.38062283737,2350,0.941176470588235,6.82352941176471,0.432636970872265
20,5,1150,200,0.3,true,17,0.107599742975641,637.370242214533,2961.76470588235,0.882352941176471,7,0.441194834577188
20,6,1150,200,0.3,true,17,0.0856316297010608,614.532871972318,3588.23529411765,0.882352941176471,7.11764705882353,0.448474564651035
20,7,1150,200,0.3,true,17,0.0864833669978152,725.951557093426,4197.05882352941,0.823529411764706,7,0.456037671478848
20,8,1150,200,0.3,true,17,0.0668805704099822,649.134948096886,4852.94117647059,0.941176470588235,7.23529411764706,0.461866156719098
20,9,1150,200,0.3,true,17,0.072880390046223,796.539792387543,5464.70588235294,0.823529411764706,7,0.4444101649984
20,10,1150,200,0.3,true,17,0.0752754156804301,891.349480968858,5920.58823529412,0.647058823529412,6.76470588235294,0.422748901425372
21,0,1150,200,0.3,false,18,0.396476964769648,451.543209876543,569.444444444444,NA,2.77777777777778,0.160890652555556
21,1,1150,200,0.3,false,18,0.313519813519814,498.148148148148,794.444444444444,0.833333333333333,4.11111111111111,0.267436267436267
21,2,1150,200,0.3,false,18,0.236993464052288,559.567901234568,1180.55555555556,0.888888888888889,5.05555555555556,0.327575510908844
21,3,1150,200,0.3,false,18,0.198966408268734,665.432098765432,1672.22222222222,0.944444444444444,5.66666666666667,0.362561358394692
21,4,1150,200,0.3,false,18,0.170004171881519,754.62962962963,2219.44444444444,0.944444444444444,6,0.386779578446245
21,5,1150,200,0.3,false,18,0.14781548015081,822.839506172839,2783.33333333333,0.888888888888889,6.33333333333333,0.415031496281496
21,6,1150,200,0.3,false,18,0.131530537159676,882.716049382716,3355.55555555556,0.888888888888889,6.77777777777778,0.417562915479582
21,7,1150,200,0.3,false,18,0.126856387528186,1007.0987654321,3969.44444444444,0.888888888888889,6.83333333333333,0.434249533146592
21,8,1150,200,0.3,false,18,0.126561870213624,1162.96296296296,4594.44444444444,0.888888888888889,6.83333333333333,0.445235601363052
21,9,1150,200,0.3,false,18,0.112848142259907,1183.02469135802,5241.66666666667,0.888888888888889,6.83333333333333,0.456241570702355
21,10,1150,200,0.3,false,18,0.111861137897782,1288.88888888889,5761.11111111111,0.777777777777778,6.88888888888889,0.432400592327063
22,0,1150,200,0.3,false,19,0.401913875598086,442.105263157895,550,NA,2.21052631578947,0.0869674185447368
22,1,1150,200,0.3,false,19,0.340579710144928,494.736842105263,726.315789473684,0.789473684210526,4.21052631578947,0.246891850839219
22,2,1150,200,0.3,false,19,0.230788238201137,517.451523545706,1121.05263157895,0.894736842105263,5.63157894736842,0.348570654491707
22,3,1150,200,0.3,false,19,0.168818272095333,565.096952908587,1673.68421052632,0.947368421052632,6.73684210526316,0.395859635720317
22,4,1150,200,0.3,false,19,0.140834845735027,644.875346260388,2289.47368421053,0.894736842105263,7.31578947368421,0.428639918732798
22,5,1150,200,0.3,false,19,0.130704991260439,745.706371191136,2852.63157894737,0.736842105263158,7,0.408365469240082
22,6,1150,200,0.3,false,19,0.118850657395196,823.82271468144,3465.78947368421,0.842105263157895,7.10526315789474,0.424817700359496
22,7,1150,200,0.3,false,19,0.114987080103359,936.842105263158,4073.68421052632,0.842105263157895,7.10526315789474,0.426437936848154
22,8,1150,200,0.3,false,19,0.107915365120528,1014.40443213296,4700,0.842105263157895,7.10526315789474,0.437083878453847
22,9,1150,200,0.3,false,19,0.114026342026552,1203.87811634349,5278.94736842105,0.789473684210526,6.73684210526316,0.428750918843798
22,10,1150,200,0.3,false,19,0.125633528265107,1428.25484764543,5684.21052631579,0.578947368421053,6.31578947368421,0.389772070035228
23,0,1150,200,0.3,true,17,0.40530058177117,433.910034602076,535.294117647059,NA,2.35294117647059,0.174019607838235
23,1,1150,200,0.3,true,17,0.314516129032258,458.823529411765,729.411764705882,0.764705882352941,3.64705882352941,0.247642390289449
23,2,1150,200,0.3,true,17,0.290736984448952,595.15570934256,1023.52941176471,0.764705882352941,4.29411764705882,0.313127395480337
23,3,1150,200,0.3,true,17,0.221738077947228,633.910034602076,1429.41176470588,0.882352941176471,5.11764705882353,0.350168458991988
23,4,1150,200,0.3,true,17,0.188562596599691,717.647058823529,1902.94117647059,0.882352941176471,5.23529411764706,0.370804195804196
23,5,1150,200,0.3,true,17,0.151386240281649,714.186851211073,2358.82352941176,0.823529411764706,5.52941176470588,0.377823320470379
23,6,1150,200,0.3,true,17,0.144003055767762,782.698961937716,2717.64705882353,0.588235294117647,5.05882352941176,0.36205967235379
23,7,1150,200,0.3,true,17,0.143371957642624,894.809688581315,3120.58823529412,0.764705882352941,5.70588235294118,0.389523874817992
23,8,1150,200,0.3,true,17,0.136482421971303,957.785467128028,3508.82352941176,0.647058823529412,5.64705882352941,0.401502745620393
23,9,1150,200,0.3,true,17,0.135645302897278,1069.20415224913,3941.17647058824,0.705882352941177,5.52941176470588,0.409108375284846
23,10,1150,200,0.3,true,17,0.140121703853955,1195.15570934256,4264.70588235294,0.529411764705882,5.17647058823529,0.376608195725843
24,0,1150,200,0.3,false,14,0.383193277310924,465.30612244898,607.142857142857,NA,2.14285714285714,0.157312925167857
24,1,1150,200,0.3,false,14,0.284403669724771,442.857142857143,778.571428571429,0.857142857142857,3.42857142857143,0.301417233560091
24,2,1150,200,0.3,false,14,0.2218794494542,477.040816326531,1075,0.857142857142857,4.14285714285714,0.331483199340342
24,3,1150,200,0.3,false,14,0.173366834170854,492.857142857143,1421.42857142857,0.785714285714286,4.57142857142857,0.383477633477633
24,4,1150,200,0.3,false,14,0.145492371705964,535.204081632653,1839.28571428571,0.857142857142857,4.85714285714286,0.394632549989693
24,5,1150,200,0.3,false,14,0.12709590878605,580.102040816327,2282.14285714286,0.857142857142857,4.85714285714286,0.421992888064317
24,6,1150,200,0.3,false,14,0.105140622089775,576.020408163265,2739.28571428571,0.857142857142857,4.92857142857143,0.43008658008658
24,7,1150,200,0.3,false,14,0.0921325051759834,590.30612244898,3203.57142857143,0.857142857142857,5.07142857142857,0.467032967032967
24,8,1150,200,0.3,false,14,0.080555939704052,594.387755102041,3689.28571428571,0.857142857142857,5.07142857142857,0.467032967032967
24,9,1150,200,0.3,false,14,0.0731394354148845,610.714285714286,4175,0.857142857142857,5.28571428571429,0.466250416250416
24,10,1150,200,0.3,false,14,0.0706640454346876,660.204081632653,4671.42857142857,0.857142857142857,5.07142857142857,0.467032967032967
25,0,1150,200,0.3,false,15,0.393103448275862,456,580,NA,2.06666666666667,0.180634920633333
25,1,1150,200,0.3,false,15,0.339130434782609,520,766.666666666667,0.933333333333333,4.66666666666667,0.335432715432715
25,2,1150,200,0.3,false,15,0.216216216216216,533.333333333333,1233.33333333333,1,5.66666666666667,0.402391682391682
25,3,1150,200,0.3,false,15,0.148888888888889,536,1800,1,6.26666666666667,0.453795463795464
25,4,1150,200,0.3,false,15,0.112087912087912,544,2426.66666666667,1,6.53333333333333,0.468888888888889
25,5,1150,200,0.3,false,15,0.106432748538012,647.111111111111,3040,0.933333333333333,6.73333333333333,0.481268731268731
25,6,1150,200,0.3,false,15,0.107866544230181,783.111111111111,3630,0.866666666666667,6.4,0.460536685536686
25,7,1150,200,0.3,false,15,0.0972944575781455,823.111111111111,4230,0.933333333333333,6.33333333333333,0.459075924075924
25,8,1150,200,0.3,false,15,0.0885819521178637,855.111111111111,4826.66666666667,0.933333333333333,6.2,0.458973248973249
25,9,1150,200,0.3,false,15,0.0837765409193981,903.111111111111,5390,0.866666666666667,6.06666666666667,0.475213675213675
25,10,1150,200,0.3,false,15,0.0780141843971631,928.888888888889,5953.33333333333,0.866666666666667,5.73333333333333,0.473382173382173
26,0,1150,200,0.3,true,16,0.351851851851852,475,675,NA,2.875,0.20116567460625
26,1,1150,200,0.3,true,16,0.304872881355932,562.109375,921.875,0.875,5,0.347199501887002
26,2,1150,200,0.3,true,16,0.238436768149883,636.328125,1334.375,0.8125,5.6875,0.394456238206238
26,3,1150,200,0.3,true,16,0.160162771285476,599.609375,1871.875,0.9375,6.3125,0.427126345876346
26,4,1150,200,0.3,true,16,0.126578282828283,626.5625,2475,0.9375,6.5,0.454294316794317
26,5,1150,200,0.3,true,16,0.106810171198389,662.890625,3103.125,0.9375,6.375,0.458159548784549
26,6,1150,200,0.3,true,16,0.0897476675148431,661.328125,3684.375,0.875,6.5625,0.456169524919525
26,7,1150,200,0.3,true,16,0.107276119402985,898.4375,4187.5,0.75,6.0625,0.424440836940837
26,8,1150,200,0.3,true,16,0.11119913275517,1041.796875,4684.375,0.8125,6.0625,0.427517274392274
26,9,1150,200,0.3,true,16,0.124809102015883,1276.953125,5115.625,0.6875,5.4375,0.394261294261294
26,10,1150,200,0.3,true,16,0.12043025871766,1338.28125,5556.25,0.75,5.4375,0.380189081751582
27,0,1150,200,0.3,true,21,0.408602150537634,422.222222222222,516.666666666667,NA,3.19047619047619,0.159494605930952
27,1,1150,200,0.3,true,21,0.32154052843708,488.43537414966,759.52380952381,0.761904761904762,4.04761904761905,0.213110302396017
27,2,1150,200,0.3,true,21,0.245919964229823,498.866213151927,1014.28571428571,0.666666666666667,4.76190476190476,0.236491154348297
27,3,1150,200,0.3,true,21,0.239971410703118,609.07029478458,1269.04761904762,0.523809523809524,4.90476190476191,0.249777074777075
27,4,1150,200,0.3,true,21,0.233752380952381,695.691609977324,1488.09523809524,0.428571428571429,5.04761904761905,0.259288859288859
27,5,1150,200,0.3,true,21,0.207113381803891,717.006802721088,1730.95238095238,0.476190476190476,5.19047619047619,0.272191697191697
27,6,1150,200,0.3,true,21,0.219501133786848,878.004535147392,2000,0.523809523809524,5.04761904761905,0.272617065474208
27,7,1150,200,0.3,true,21,0.22117192661483,986.848072562358,2230.95238095238,0.428571428571429,4.85714285714286,0.269851312708456
27,8,1150,200,0.3,true,21,0.240081289547827,1178.68480725624,2454.7619047619,0.428571428571429,4.76190476190476,0.272183372183372
27,9,1150,200,0.3,true,21,0.234123425154815,1243.08390022676,2654.7619047619,0.380952380952381,4.76190476190476,0.283055040197897
27,10,1150,200,0.3,true,21,0.238095238095238,1321.99546485261,2776.19047619048,0.238095238095238,4.19047619047619,0.239909297052154
28,0,1150,200,0.3,true,19,0.401913875598086,442.105263157895,550,NA,2.84210526315789,0.127067669171053
28,1,1150,200,0.3,true,19,0.378722607229818,560.1108033241,739.473684210526,0.684210526315789,4.05263157894737,0.275231931810879
28,2,1150,200,0.3,true,19,0.256973368673482,563.98891966759,1097.36842105263,0.842105263157895,5.57894736842105,0.310347547189652
28,3,1150,200,0.3,true,19,0.208586793617209,655.401662049861,1571.05263157895,0.789473684210526,6,0.340503575371996
28,4,1150,200,0.3,true,19,0.16623307317724,690.304709141274,2076.31578947368,0.789473684210526,6.21052631578947,0.364004691558871
28,5,1150,200,0.3,true,19,0.161274746499276,832.686980609418,2581.57894736842,0.736842105263158,6.26315789473684,0.393308063625401
28,6,1150,200,0.3,true,19,0.147902564810978,889.750692520776,3007.89473684211,0.631578947368421,5.94736842105263,0.376146522895749
28,7,1150,200,0.3,true,18,0.120510105021622,842.901234567901,3497.22222222222,0.611111111111111,5.52777777777778,0.318165245248579
28,8,1150,200,0.3,true,18,0.111930514585382,843.20987654321,3766.66666666667,0.5,4.77777777777778,0.323514602681269
28,9,1150,200,0.3,true,18,0.114054951690821,932.716049382716,4088.88888888889,0.611111111111111,4.5,0.275057966724633
28,10,1150,200,0.3,true,18,0.115655604875643,1013.27160493827,4380.55555555556,0.555555555555556,4.27777777777778,0.274530870364204
29,0,1150,200,0.3,true,17,0.389230318993269,460.207612456747,591.176470588235,NA,2.29411764705882,0.153921568623529
29,1,1150,200,0.3,true,17,0.357483533954122,544.636678200692,761.764705882353,0.764705882352941,4.11764705882353,0.258169934640523
29,2,1150,200,0.3,true,17,0.228991596638655,528.0276816609,1152.94117647059,0.941176470588235,5.23529411764706,0.342963572375337
29,3,1150,200,0.3,true,17,0.204670632297863,642.906574394464,1570.58823529412,0.764705882352941,5.70588235294118,0.376097840068428
29,4,1150,200,0.3,true,17,0.193507890961263,746.712802768166,1929.41176470588,0.588235294117647,5.35294117647059,0.342466520407697
29,5,1150,200,0.3,true,17,0.179106725916999,822.837370242215,2297.05882352941,0.647058823529412,5.47058823529412,0.37161302749538
29,6,1150,200,0.3,true,17,0.15209619759506,809.688581314879,2661.76470588235,0.647058823529412,5,0.334161916514858
29,7,1150,200,0.3,true,17,0.139502441292723,830.449826989619,2976.47058823529,0.588235294117647,5.52941176470588,0.367429465958878
29,8,1150,200,0.3,true,17,0.144049002006548,943.944636678201,3276.47058823529,0.470588235294118,5.29411764705882,0.376309638074344
29,9,1150,200,0.3,true,17,0.132302750451717,912.110726643599,3447.05882352941,0.352941176470588,4.41176470588235,0.313991727227021
29,10,1150,200,0.3,true,17,0.143235294117647,1011.07266435986,3529.41176470588,0.176470588235294,3.76470588235294,0.276426024955437
30,0,1150,200,0.3,false,16,0.400280898876405,445.3125,556.25,NA,2.75,0.17237103174375
30,1,1150,200,0.3,false,16,0.282806513409962,461.328125,815.625,0.9375,4.25,0.293181297868798
30,2,1150,200,0.3,false,15,0.201498127340824,478.222222222222,1186.66666666667,0.933333333333333,5.33333333333333,0.358287823287823
30,3,1150,200,0.3,false,15,0.148972829688535,499.555555555556,1676.66666666667,0.933333333333333,5.6,0.416798756798757
30,4,1150,200,0.3,false,15,0.117092731829574,519.111111111111,2216.66666666667,0.933333333333333,6.06666666666667,0.448123543123543
30,5,1150,200,0.3,false,15,0.098688915375447,552,2796.66666666667,0.933333333333333,6.13333333333333,0.46000962000962
30,6,1150,200,0.3,false,15,0.0933200398803589,624,3343.33333333333,0.866666666666667,6.2,0.456300366300366
30,7,1150,200,0.3,false,15,0.0714000570287995,556.444444444444,3896.66666666667,0.866666666666667,6.53333333333333,0.473549598549598
30,8,1150,200,0.3,false,15,0.0784549786807123,695.111111111111,4430,0.8,6,0.441571021571021
30,9,1150,200,0.3,false,15,0.0734675615212528,729.777777777778,4966.66666666667,0.866666666666667,6.06666666666667,0.448495948495948
30,10,1150,200,0.3,false,15,0.0883106154481619,950.222222222222,5380,0.666666666666667,5.6,0.415591815591816
31,0,1150,200,0.3,false,17,0.40530058177117,433.910034602076,535.294117647059,NA,3.11764705882353,0.201237161529412
31,1,1150,200,0.3,false,17,0.312592907198981,509.342560553633,814.705882352941,0.882352941176471,4.11764705882353,0.246390374331551
31,2,1150,200,0.3,false,17,0.25051214515657,592.387543252595,1182.35294117647,0.882352941176471,4.82352941176471,0.33545066045066
31,3,1150,200,0.3,false,17,0.183613445378151,604.84429065744,1647.05882352941,0.941176470588235,5.88235294117647,0.39313301078007
31,4,1150,200,0.3,false,17,0.135746606334842,591.695501730104,2179.41176470588,0.882352941176471,6.35294117647059,0.415349846232199
31,5,1150,200,0.3,false,17,0.132888273082252,730.103806228374,2747.05882352941,0.882352941176471,6.47058823529412,0.419465012112071
31,6,1150,200,0.3,false,17,0.133732849708248,880.276816608997,3291.17647058824,0.823529411764706,6.47058823529412,0.41839941104647
31,7,1150,200,0.3,false,17,0.127990645799604,984.77508650519,3847.05882352941,0.823529411764706,6.52941176470588,0.433709917533447
31,8,1150,200,0.3,false,17,0.119125427948957,1059.51557093426,4447.05882352941,0.882352941176471,6.52941176470588,0.444474234915411
31,9,1150,200,0.3,false,17,0.103430514062017,1042.21453287197,5038.23529411765,0.882352941176471,6.29411764705882,0.424490868608516
31,10,1150,200,0.3,false,17,0.10315114940741,1147.40484429066,5561.76470588235,0.764705882352941,6.23529411764706,0.417792338380574
32,0,1150,200,0.3,false,18,0.396476964769648,451.543209876543,569.444444444444,NA,2.55555555555556,0.164153439155556
32,1,1150,200,0.3,false,18,0.317663817663818,481.79012345679,758.333333333333,0.777777777777778,4.44444444444444,0.265558978058978
32,2,1150,200,0.3,false,18,0.242633144092998,554.012345679012,1141.66666666667,0.833333333333333,5.44444444444444,0.345727883227883
32,3,1150,200,0.3,false,18,0.174123788217748,576.543209876543,1655.55555555556,0.888888888888889,6.33333333333333,0.398306631639965
32,4,1150,200,0.3,false,18,0.130041152263374,585.185185185185,2250,0.888888888888889,6.77777777777778,0.413826691645319
32,5,1150,200,0.3,false,18,0.107944176060118,620.679012345679,2875,0.888888888888889,6.72222222222222,0.417193409350272
32,6,1150,200,0.3,false,18,0.0937086968014803,656.481481481482,3502.77777777778,0.888888888888889,7.22222222222222,0.445484304185285
32,7,1150,200,0.3,false,18,0.0798772824720928,666.975308641975,4175,0.888888888888889,7.22222222222222,0.447723114757429
32,8,1150,200,0.3,false,18,0.0687285223367698,666.666666666667,4850,0.888888888888889,7.33333333333333,0.455562379704537
32,9,1150,200,0.3,false,18,0.062022634777276,686.728395061728,5536.11111111111,0.888888888888889,7.16666666666667,0.457830527315821
32,10,1150,200,0.3,false,18,0.056995976754582,708.333333333333,6213.88888888889,0.888888888888889,7.22222222222222,0.449411604191016
33,0,1150,200,0.3,false,15,0.408602150537634,422.222222222222,516.666666666667,NA,2.33333333333333,0.1732010582
33,1,1150,200,0.3,false,15,0.336651583710407,496,736.666666666667,0.933333333333333,3.13333333333333,0.2648075998076
33,2,1150,200,0.3,false,15,0.279470198675497,562.666666666667,1006.66666666667,0.866666666666667,3.66666666666667,0.26508658008658
33,3,1150,200,0.3,false,15,0.225816993464052,614.222222222222,1360,0.933333333333333,4.4,0.317250712250712
33,4,1150,200,0.3,false,15,0.18134328358209,648,1786.66666666667,0.933333333333333,5,0.383424168424168
33,5,1150,200,0.3,false,15,0.15307917888563,696,2273.33333333333,0.933333333333333,5.33333333333333,0.398655788655789
33,6,1150,200,0.3,false,15,0.149656565656566,823.111111111111,2750,0.866666666666667,5.6,0.412976282976283
33,7,1150,200,0.3,false,15,0.130598290598291,848.888888888889,3250,0.866666666666667,5.46666666666667,0.409052059052059
33,8,1150,200,0.3,false,15,0.123733333333333,928,3750,0.866666666666667,5.33333333333333,0.405098605098605
33,9,1150,200,0.3,false,15,0.125346112886049,1046.22222222222,4173.33333333333,0.733333333333333,5.2,0.412934472934473
33,10,1150,200,0.3,false,15,0.14357459379616,1296,4513.33333333333,0.6,5.06666666666667,0.395773485773486
34,0,1150,200,0.3,true,14,0.383193277310924,465.30612244898,607.142857142857,NA,1.35714285714286,0.0416666666642857
34,1,1150,200,0.3,true,14,0.36959706959707,514.795918367347,696.428571428571,0.642857142857143,2.64285714285714,0.208786848072562
34,2,1150,200,0.3,true,14,0.272727272727273,514.285714285714,942.857142857143,0.857142857142857,3.78571428571429,0.311533704390847
34,3,1150,200,0.3,true,14,0.21953188054883,555.102040816327,1264.28571428571,0.785714285714286,4.14285714285714,0.359279014636158
34,4,1150,200,0.3,true,14,0.176232064878353,576.530612244898,1635.71428571429,0.857142857142857,4.78571428571429,0.421496558996559
34,5,1150,200,0.3,true,14,0.144599303135889,592.857142857143,2050,0.785714285714286,4.57142857142857,0.416738816738817
34,6,1150,200,0.3,true,14,0.117126389460683,580.612244897959,2478.57142857143,0.857142857142857,5.07142857142857,0.439321789321789
34,7,1150,200,0.3,true,14,0.101678615142507,593.367346938776,2917.85714285714,0.785714285714286,5,0.435746396460682
34,8,1150,200,0.3,true,14,0.0867992766726944,587.755102040816,3385.71428571429,0.857142857142857,4.71428571428571,0.433225108225108
34,9,1150,200,0.3,true,14,0.0898268398268398,677.551020408163,3771.42857142857,0.714285714285714,4.42857142857143,0.38495670995671
34,10,1150,200,0.3,true,14,0.076140873015873,626.530612244898,4114.28571428571,0.785714285714286,4.85714285714286,0.385059781488353
35,0,1150,200,0.3,true,16,0.410770440251572,408.203125,496.875,NA,2,0.123958333334375
35,1,1150,200,0.3,true,16,0.341666666666667,448.4375,656.25,0.8125,3,0.182093253968254
35,2,1150,200,0.3,true,16,0.245255775577558,464.453125,946.875,0.9375,3.875,0.264628427128427
35,3,1150,200,0.3,true,16,0.191369047619048,502.34375,1312.5,0.9375,4.75,0.325850711788212
35,4,1150,200,0.3,true,16,0.175788288288288,609.765625,1734.375,0.875,5.1875,0.348170232545232
35,5,1150,200,0.3,true,16,0.167146974063401,725,2168.75,0.8125,5.125,0.353816149128649
35,6,1150,200,0.3,true,16,0.145931952662722,770.703125,2640.625,0.875,5.375,0.367625083250083
35,7,1150,200,0.3,true,16,0.131293619142572,823.046875,3134.375,0.875,5.4375,0.38628715034965
35,8,1150,200,0.3,true,16,0.116056034482759,841.40625,3625,0.875,5.6875,0.39385597041847
35,9,1150,200,0.3,true,16,0.101791072768192,848.046875,4165.625,0.9375,5.9375,0.412021312021312
35,10,1150,200,0.3,true,16,0.0974203715992037,917.578125,4709.375,0.875,6,0.419499250749251
36,0,1150,200,0.3,false,18,0.396476964769648,451.543209876543,569.444444444444,NA,2.83333333333333,0.1710978836
36,1,1150,200,0.3,false,18,0.294064422728918,501.543209876543,852.777777777778,1,5,0.301602872436206
36,2,1150,200,0.3,false,18,0.183093771389459,495.37037037037,1352.77777777778,1,5.94444444444444,0.347626447626448
36,3,1150,200,0.3,false,18,0.13369789190046,520.679012345679,1947.22222222222,1,6.5,0.387034307377445
36,4,1150,200,0.3,false,18,0.100475341651812,521.913580246914,2597.22222222222,1,7.16666666666667,0.421909966395261
36,5,1150,200,0.3,false,18,0.0825800376647834,541.358024691358,3277.77777777778,0.944444444444444,7.22222222222222,0.433455029901108
36,6,1150,200,0.3,false,18,0.0757080610021787,600.617283950617,3966.66666666667,0.944444444444444,7.27777777777778,0.438304170412014
36,7,1150,200,0.3,false,18,0.0630506245890861,591.975308641975,4694.44444444444,1,7.38888888888889,0.447310541673287
36,8,1150,200,0.3,false,18,0.0541922290388548,588.888888888889,5433.33333333333,1,7.5,0.453080683840488
36,9,1150,200,0.3,false,18,0.0478187081960667,591.358024691358,6183.33333333333,1,7.66666666666667,0.462029024896672
36,10,1150,200,0.3,false,18,0.0434319211297629,603.703703703704,6950,1,7.55555555555556,0.460949467199467
37,0,1150,200,0.3,true,18,0.396476964769648,451.543209876543,569.444444444444,NA,2.66666666666667,0.143033509697222
37,1,1150,200,0.3,true,18,0.327029156816391,512.345679012346,783.333333333333,0.777777777777778,3.72222222222222,0.21657848324515
37,2,1150,200,0.3,true,18,0.262600229095074,566.049382716049,1077.77777777778,0.777777777777778,4.66666666666667,0.275296616963284
37,3,1150,200,0.3,true,18,0.182051282051282,525.925925925926,1444.44444444444,0.777777777777778,5.22222222222222,0.33096147679481
37,4,1150,200,0.3,true,18,0.176475562320311,644.135802469136,1825,0.666666666666667,5.33333333333333,0.335236985236985
37,5,1150,200,0.3,true,18,0.146426043878273,638.58024691358,2180.55555555556,0.611111111111111,5.05555555555556,0.350701613201613
37,6,1150,200,0.3,true,18,0.116962239112076,598.456790123457,2558.33333333333,0.722222222222222,5.55555555555556,0.364382608132608
37,7,1150,200,0.3,true,18,0.119991738950847,717.283950617284,2988.88888888889,0.722222222222222,5.61111111111111,0.379491904246806
37,8,1150,200,0.3,true,18,0.115033752964787,778.395061728395,3383.33333333333,0.611111111111111,5.33333333333333,0.381658601021346
37,9,1150,200,0.3,true,18,0.104252901550199,792.901234567901,3802.77777777778,0.666666666666667,5.16666666666667,0.417120660748112
37,10,1150,200,0.3,true,18,0.112717626840021,931.172839506173,4130.55555555556,0.611111111111111,5.27777777777778,0.364417835251169
38,0,1150,200,0.3,true,14,0.404446546830653,436.224489795918,539.285714285714,NA,2,0.0773809523821428
38,1,1150,200,0.3,true,14,0.357142857142857,492.34693877551,689.285714285714,0.785714285714286,3.21428571428571,0.245748299319728
38,2,1150,200,0.3,true,14,0.263342318059299,498.469387755102,946.428571428571,0.714285714285714,3.5,0.308639971139971
38,3,1150,200,0.3,true,14,0.213054187192118,529.591836734694,1242.85714285714,0.714285714285714,3.5,0.365105132962276
38,4,1150,200,0.3,true,14,0.177825654623798,547.448979591837,1539.28571428571,0.785714285714286,4.14285714285714,0.397897340754484
38,5,1150,200,0.3,true,14,0.153846153846154,571.428571428571,1857.14285714286,0.714285714285714,3.85714285714286,0.408652855081427
38,6,1150,200,0.3,true,14,0.118571428571429,508.163265306122,2142.85714285714,0.642857142857143,3.42857142857143,0.352556173984745
38,7,1150,200,0.3,true,14,0.108732513777024,523.469387755102,2407.14285714286,0.642857142857143,3.5,0.331514120799835
38,8,1150,200,0.3,true,14,0.099023840810963,538.265306122449,2717.85714285714,0.714285714285714,3.35714285714286,0.372959183673469
38,9,1150,200,0.3,true,14,0.0960650128314799,572.959183673469,2982.14285714286,0.642857142857143,3.14285714285714,0.38656462585034
38,10,1150,200,0.3,true,14,0.106944664658316,688.265306122449,3217.85714285714,0.642857142857143,2.78571428571429,0.303543083900227
39,0,1150,200,0.3,true,15,0.367530224525043,472.888888888889,643.333333333333,NA,2.2,0.10222222222
39,1,1150,200,0.3,true,15,0.374089068825911,616,823.333333333333,0.866666666666667,4.66666666666667,0
39,2,1150,200,0.3,true,15,0.301481481481481,723.555555555556,1200,0.8,4.8,0
39,3,1150,200,0.3,true,15,0.198412698412698,666.666666666667,1680,1,5.66666666666667,0
39,4,1150,200,0.3,true,15,0.164560862865948,712,2163.33333333333,0.8,5.8,0
39,5,1150,200,0.3,true,15,0.153198653198653,808.888888888889,2640,0.8,6,0
39,6,1150,200,0.3,true,15,0.154971428571429,904,2916.66666666667,0.466666666666667,5.33333333333333,0
39,7,1150,200,0.3,true,15,0.162577962577963,1042.66666666667,3206.66666666667,0.533333333333333,5,0
39,8,1150,200,0.3,true,15,0.17416509136736,1228.44444444444,3526.66666666667,0.666666666666667,5.26666666666667,0
39,9,1150,200,0.3,true,15,0.185005767012687,1425.77777777778,3853.33333333333,0.6,5.13333333333333,0
39,10,1150,200,0.3,true,15,0.173419078242229,1438.22222222222,4146.66666666667,0.6,4.53333333333333,0
40,0,1150,200,0.3,true,18,0.396476964769648,451.543209876543,569.444444444444,NA,2.38888888888889,0.112103174605556
40,1,1150,200,0.3,true,18,0.347974328118732,535.493827160494,769.444444444444,0.833333333333333,4.22222222222222,0.262746512746513
40,2,1150,200,0.3,true,18,0.267300799558864,598.456790123457,1119.44444444444,0.833333333333333,5.33333333333333,0.313596588596589
40,3,1150,200,0.3,true,17,0.2296918767507,652.595155709343,1420.58823529412,0.705882352941177,5.05882352941176,0.306927631192337
40,4,1150,200,0.3,true,16,0.206904332129964,716.40625,1731.25,0.6875,4.6875,0.305652507215007
40,5,1150,200,0.3,true,16,0.160179640718563,668.75,2087.5,0.75,4.8125,0.345222485847486
40,6,1150,200,0.3,true,16,0.158462732919255,797.265625,2515.625,0.875,5.3125,0.37327152014652
40,7,1150,200,0.3,true,15,0.155205992509363,920.888888888889,2966.66666666667,0.866666666666667,4.73333333333333,0.361982646982647
40,8,1150,200,0.3,true,14,0.164423371061487,1096.9387755102,3335.71428571429,0.642857142857143,4.10714285714286,0.307337404658833
40,9,1150,200,0.3,true,14,0.152399663205164,1108.16326530612,3635.71428571429,0.785714285714286,3.78571428571429,0.359889713461142
40,10,1150,200,0.3,true,14,0.162814137884693,1236.22448979592,3796.42857142857,0.428571428571429,3.28571428571429,0.282738095238095
41,0,1150,200,0.3,true,13,0.397697540554683,449.704142011834,565.384615384615,NA,1.84615384615385,0.142765567765385
41,1,1150,200,0.3,true,13,0.427070197562001,601.183431952663,703.846153846154,0.846153846153846,3.23076923076923,0.294283494283494
41,2,1150,200,0.3,true,13,0.311620294599018,563.313609467456,903.846153846154,0.615384615384615,3.23076923076923,0.275579975579976
41,3,1150,200,0.3,true,13,0.242394261686866,579.881656804734,1196.15384615385,0.923076923076923,4.23076923076923,0.344499944499944
41,4,1150,200,0.3,true,13,0.168281101614435,524.260355029586,1557.69230769231,0.846153846153846,4.53846153846154,0.383877233877234
41,5,1150,200,0.3,true,13,0.142240737985419,565.680473372781,1988.46153846154,0.923076923076923,4.76923076923077,0.419572094572095
41,6,1150,200,0.3,true,13,0.101881479585307,471.005917159763,2311.53846153846,0.692307692307692,4.30769230769231,0.373199023199023
41,7,1150,200,0.3,true,13,0.0830726076167871,455.621301775148,2742.30769230769,1,4.76923076923077,0.404306804306804
41,8,1150,200,0.3,true,13,0.0841200112160015,532.544378698225,3165.38461538462,0.846153846153846,4.69230769230769,0.411116661116661
41,9,1150,200,0.3,true,13,0.0829826628513718,583.431952662722,3515.38461538462,0.692307692307692,4.38461538461539,0.407978132978133
41,10,1150,200,0.3,true,13,0.0766844324238326,570.414201183432,3719.23076923077,0.538461538461538,4.23076923076923,0.352586302586303
42,0,1150,200,0.3,true,15,0.393103448275862,456,580,NA,2.06666666666667,0.12063492064
42,1,1150,200,0.3,true,15,0.346312684365782,521.777777777778,753.333333333333,0.8,3.86666666666667,0.308660413660414
42,2,1150,200,0.3,true,13,0.302056917441533,634.319526627219,1050,0.769230769230769,4.07692307692308,0.405996780996781
42,3,1150,200,0.3,true,13,0.23203026481715,653.254437869822,1407.69230769231,0.769230769230769,4,0.405339105339105
42,4,1150,200,0.3,true,13,0.191111111111111,661.538461538462,1730.76923076923,0.692307692307692,3.69230769230769,0.373115773115773
42,5,1150,200,0.3,true,13,0.175278919553729,706.508875739645,2015.38461538462,0.692307692307692,3.61538461538462,0.426434676434676
42,6,1150,200,0.3,true,13,0.142109963005485,659.171597633136,2319.23076923077,0.769230769230769,3.61538461538462,0.416117216117216
42,7,1150,200,0.3,true,13,0.124649073554183,656.804733727811,2634.61538461538,0.769230769230769,3.69230769230769,0.381746031746032
42,8,1150,200,0.3,true,13,0.123881347410759,728.994082840237,2942.30769230769,0.692307692307692,3.46153846153846,0.374636474636475
42,9,1150,200,0.3,true,13,0.106043956043956,685.207100591716,3230.76923076923,0.692307692307692,3.61538461538462,0.384421134421134
42,10,1150,200,0.3,true,13,0.117280310051394,823.668639053254,3511.53846153846,0.692307692307692,4,0.402522477522478
43,0,1150,200,0.3,true,21,0.398708635996772,448.072562358277,561.904761904762,NA,3.42857142857143,0.177137016421429
43,1,1150,200,0.3,true,21,0.322689075630252,522.448979591837,809.52380952381,0.714285714285714,4.38095238095238,0.242249945821374
43,2,1150,200,0.3,true,21,0.251599147121535,561.904761904762,1116.66666666667,0.666666666666667,4.95238095238095,0.276038511752797
43,3,1150,200,0.3,true,21,0.213931523022432,616.326530612245,1440.47619047619,0.619047619047619,5.04761904761905,0.255119351547923
43,4,1150,200,0.3,true,21,0.174624142920048,629.478458049887,1802.38095238095,0.714285714285714,5.28571428571429,0.295031159316874
43,5,1150,200,0.3,true,21,0.15212810788032,654.875283446712,2152.38095238095,0.619047619047619,5.23809523809524,0.303877471734615
43,6,1150,200,0.3,true,21,0.150525784084125,743.310657596372,2469.04761904762,0.571428571428571,5.47619047619048,0.302333777333777
43,7,1150,200,0.3,true,21,0.155038759689922,857.142857142857,2764.28571428571,0.476190476190476,4.85714285714286,0.275893088393088
43,8,1150,200,0.3,true,21,0.147847949266389,893.424036281179,3021.42857142857,0.523809523809524,4.61904761904762,0.284551030979602
43,9,1150,200,0.3,true,21,0.134554686427885,889.342403628118,3304.7619047619,0.571428571428571,4.76190476190476,0.300096728668157
43,10,1150,200,0.3,true,21,0.136750470993309,954.648526077097,3490.47619047619,0.380952380952381,4.80952380952381,0.270342356056642
44,0,1150,200,0.3,true,16,0.379758883248731,467.578125,615.625,NA,2.25,0.128124999996875
44,1,1150,200,0.3,true,16,0.346117424242424,571.09375,825,0.9375,5.0625,0.33909527972028
44,2,1150,200,0.3,true,16,0.2109375,548.4375,1300,0.9375,5.6875,0.401899489399489
44,3,1150,200,0.3,true,16,0.150919732441472,564.0625,1868.75,1,6.625,0.443057983682984
44,4,1150,200,0.3,true,16,0.110493827160494,559.375,2531.25,1,7.0625,0.471395271395271
44,5,1150,200,0.3,true,16,0.0875965250965251,567.1875,3237.5,1,7.375,0.491483516483517
44,6,1150,200,0.3,true,16,0.0716391509433962,569.53125,3975,1,7.375,0.491483516483517
44,7,1150,200,0.3,true,16,0.0607592838196286,572.65625,4712.5,1,7.375,0.491483516483517
44,8,1150,200,0.3,true,16,0.0529673165137615,577.34375,5450,1,7.375,0.491483516483517
44,9,1150,200,0.3,true,16,0.0470959595959596,582.8125,6187.5,1,7.375,0.491483516483517
44,10,1150,200,0.3,true,16,0.04370172648796,601.171875,6878.125,0.9375,7,0.470680361305361
45,0,1150,200,0.3,true,16,0.400280898876405,445.3125,556.25,NA,2.1875,0.106101190475
45,1,1150,200,0.3,true,16,0.339651639344262,517.96875,762.5,0.9375,4.125,0.288573232323232
45,2,1150,200,0.3,true,16,0.251698369565217,578.90625,1150,0.9375,4.875,0.339434176934177
45,3,1150,200,0.3,true,16,0.180501930501931,584.375,1618.75,0.9375,5.625,0.397165508103008
45,4,1150,200,0.3,true,16,0.173755572065379,730.859375,2103.125,0.875,5.9375,0.399812687312687
45,5,1150,200,0.3,true,16,0.136370392390012,716.796875,2628.125,0.875,5.8125,0.388141372516372
45,6,1150,200,0.3,true,16,0.147422680412371,893.75,3031.25,0.6875,5.625,0.378427648740149
45,7,1150,200,0.3,true,16,0.150068681318681,1024.21875,3412.5,0.6875,5.75,0.376950826950827
45,8,1150,200,0.3,true,16,0.151800244100895,1166.015625,3840.625,0.75,5.9375,0.401432768620269
45,9,1150,200,0.3,true,16,0.158718330849478,1331.25,4193.75,0.5625,5.4375,0.382476724664225
45,10,1150,200,0.3,true,16,0.165699718706048,1472.65625,4443.75,0.4375,4.9375,0.352845938783439
46,0,1150,200,0.3,false,14,0.383193277310924,465.30612244898,607.142857142857,NA,2.21428571428571,0.1742063492
46,1,1150,200,0.3,false,14,0.33435960591133,554.081632653061,828.571428571429,1,3.85714285714286,0.28495670995671
46,2,1150,200,0.3,false,14,0.251608751608752,598.469387755102,1189.28571428571,0.928571428571429,4.57142857142857,0.37701504844362
46,3,1150,200,0.3,false,14,0.194453052370623,640.30612244898,1646.42857142857,1,5.5,0.424995639281354
46,4,1150,200,0.3,false,14,0.150174216027875,659.69387755102,2196.42857142857,1,5.92857142857143,0.458255633255633
46,5,1150,200,0.3,false,14,0.114583333333333,628.571428571429,2742.85714285714,0.928571428571429,6.07142857142857,0.468292818292818
46,6,1150,200,0.3,false,14,0.0961389961389961,635.204081632653,3303.57142857143,0.928571428571429,6.07142857142857,0.468761793761794
46,7,1150,200,0.3,false,14,0.0822570123939987,643.367346938776,3910.71428571429,1,6.35714285714286,0.48992673992674
46,8,1150,200,0.3,false,13,0.072208228379513,661.538461538462,4580.76923076923,1,6.34615384615385,0.450645508337816
46,9,1150,200,0.3,false,13,0.0654103900567043,675.739644970414,5165.38461538462,1,5.92307692307692,0.493589743589744
46,10,1150,200,0.3,false,13,0.0641286751266385,726.627218934911,5665.38461538462,0.846153846153846,5.38461538461539,0.449553224553225
47,0,1150,200,0.3,false,14,0.383193277310924,465.30612244898,607.142857142857,NA,1.71428571428571,0.115476190475
47,1,1150,200,0.3,false,14,0.366712235133288,547.448979591837,746.428571428571,0.857142857142857,2.5,0.202465986394558
47,2,1150,200,0.3,false,14,0.304371002132196,582.65306122449,957.142857142857,0.785714285714286,3.14285714285714,0.277692743764172
47,3,1150,200,0.3,false,14,0.273809523809524,657.142857142857,1200,0.785714285714286,3.64285714285714,0.310392187177901
47,4,1150,200,0.3,false,14,0.218208564890487,681.122448979592,1560.71428571429,0.928571428571429,4.42857142857143,0.357611832611833
47,5,1150,200,0.3,false,14,0.183488612836439,723.469387755102,1971.42857142857,0.857142857142857,4.5,0.377618016903731
47,6,1150,200,0.3,false,13,0.155766230649226,768.047337278107,2465.38461538462,1,5.23076923076923,0.45460372960373
47,7,1150,200,0.3,false,13,0.145232371794872,857.988165680473,2953.84615384615,0.923076923076923,5.38461538461539,0.454129204129204
47,8,1150,200,0.3,false,13,0.122500847170451,855.621301775148,3492.30769230769,1,5.84615384615385,0.486713286713287
47,9,1150,200,0.3,false,13,0.116741218743125,942.011834319527,4034.61538461538,0.923076923076923,5.46153846153846,0.465262515262515
47,10,1150,200,0.3,false,13,0.103780964797914,942.011834319527,4538.46153846154,0.923076923076923,5.76923076923077,0.480963480963481
48,0,1150,200,0.3,true,18,0.396476964769648,451.543209876543,569.444444444444,NA,2.33333333333333,0.161926807758333
48,1,1150,200,0.3,true,18,0.324346405228758,490.123456790123,755.555555555556,0.833333333333333,4,0.236724386724387
48,2,1150,200,0.3,true,18,0.232561345464571,520.679012345679,1119.44444444444,0.888888888888889,5.38888888888889,0.34135278301945
48,3,1150,200,0.3,true,18,0.181895093062606,597.222222222222,1641.66666666667,0.944444444444444,5.66666666666667,0.376438838938839
48,4,1150,200,0.3,true,18,0.147582697201018,644.444444444444,2183.33333333333,0.944444444444444,6.05555555555556,0.410682373182373
48,5,1150,200,0.3,true,18,0.127772205505405,707.716049382716,2769.44444444444,0.944444444444444,6.11111111111111,0.415103415103415
48,6,1150,200,0.3,true,18,0.116817310325938,789.814814814815,3380.55555555556,1,6.33333333333333,0.42608571983572
48,7,1150,200,0.3,true,18,0.108402971216342,864.814814814815,3988.88888888889,0.944444444444444,6.5,0.434947305780639
48,8,1150,200,0.3,true,18,0.100721587492483,930.555555555556,4619.44444444444,0.944444444444444,6.5,0.425803209136543
48,9,1150,200,0.3,true,18,0.0967316816025303,1019.44444444444,5269.44444444444,1,7.05555555555556,0.44628041711375
48,10,1150,200,0.3,true,18,0.0963570127504554,1142.9012345679,5930.55555555556,0.944444444444444,7.27777777777778,0.440482547590391
